[
  {
    "name": "item1309", 
    "title": "Tough Mojo Jacket<sup>&reg;<\/sup> ",
    "modaltitle":"Please rate the Tough Mojo Jacket<sup>&reg;<\/sup> <span>&starf;&starf;&starf;&starf;<\/span>", 
    "date": "2013-09-01", 
    "stars":"three-stars",
    "image": "tough-mojo-jacket-img2.png",
    "itemimage":"tough-mojo-jacket-img1.png",
    "description":"<p>Our most insulated jacket to date, the city-styled Highline is designed to keep you warm during the deep freeze of winter<\/p> <p> With 300 grams of PrimaLoft<sup>&reg;<\/sup> One insulation, the Highline offers incredible heat retention while remaining form fitting and low volume&mdash;essentially all the warmth of a puffer jacket without all the puff. Its outer shell is made from a water resistant Schoeller<sup>&reg;<\/sup> microfiber fabric that has been diagonally quilted, while its inside tiner is mae from a silky-soft microfiver ripstop nylon.<\/p> <p>The highline features a zipper garage to prefent a cold metal zipper from pressing against your neck, non-quilted side panels and underarms for a sleeker fit, and anchored bottom hem adjusters for a snug fit. It has two uniquely designed 3-in-1 front pockets which include a top zippered entrance, a drop pocket with donut snap, and a side hand warmer. Additional storage can be found in its exterior chest pocket and two interior zippered pockets<\/p>",
    "clothinglist":"<li>300 grams of primaloft<sup>&reg;<\/sup> one insulation<\/li><li>schoeller<sup>&reg;<\/sup> microfiber shell<\/li><li>diagonal quilting<\/li><li>microfiber ripstop liner<\/li><li>zipper garage at collar<\/li><li>anchored bottom-hem adjusters<\/li><li>3-in-1 front pockets<\/li><li>zippered chest pocket<\/li><li>two interior pockets<\/li><li>made in the philippines<\/li>"

  }
  
]